ID,Type,toluene (C07),benz (C08),benz (C09),benz (C10),benz (C11),benz (C12),benz (C13),benz (C14),benz (C15),benz (C16),cycloarom (C09),cycloarom (C10),cycloarom (C11),cycloarom (C12),cycloarom (C13),cycloarom (C14),cycloarom (C15),diarom C10,diarom C11,diarom C12,diarom C13,diarom C14,monocycloalk-C07,monocycloalk-C08,monocycloalk-C09,monocycloalk-C10,monocycloalk-C11,monocycloalk-C12,monocycloalk-C13,monocycloalk-C14,monocycloalk-C15,monocycloalk-C16,monocycloalk-C17,dicycloalk-C09,dicycloalk-C10,dicycloalk-C11,dicycloalk-C12,dicycloalk-C13,dicycloalk-C14,dicycloalk-C15,dicycloalk-C16,isoalk-C07,isoalk-C08,isoalk-C09,isoalk-C10,isoalk-C11,isoalk-C12,isoalk-C13,isoalk-C14,isoalk-C15,isoalk-C16,isoalk-C17,isoalk-C18,nalk-C07,nalk-C08,nalk-C09,nalk-C10,nalk-C11,nalk-C12,nalk-C13,nalk-C14,nalk-C15,nalk-C16,nalk-C17,flash_point,API,PM,TAG,R1,R4
RP-3-01,RP,0.000727283,0.005405736,0.012655911,0.019360263,0.014102284,0.010950445,0.006874829,0.005258889,0.001425686,0.000105462,0.000352858,0.004640624,0.013356225,0.00864042,0.009273647,0.002072893,0,4.21E-05,0.000122071,0.00121864,0.000452,0,0.0017162,0.010652932,0.038341276,0.032438568,0.067332925,0.042791178,0.044080018,0.017328481,0.006021062,0.001863217,0.000357821,0.006929883,0.017274502,0.030612903,0.025078141,0.017965571,0.007719083,0.002897969,0.000343389,0,0.003816168,0.018859809,0.056586874,0.057145207,0.051687618,0.04573206,0.03526252,0.015759341,0.00327351,0.00090268,0.000168316,0.001255361,0.008931741,0.019187549,0.041156899,0.056791484,0.043426442,0.028283199,0.015884956,0.005359333,0.001289199,0.000456392,48,51.5957206,45.4346838,49.9482046,50.1734025,47.7238383
RP-3-02,RP,0,0.000374777,0.000567887,0.000580732,0.00043808,0.001590358,0.00526353,0.013876388,0.000502333,0,0.000124984,0.000882887,0.001525232,0.001151313,0.000887206,0.000358462,0,9.62E-06,1.49E-05,0.000100908,1.46E-05,0,0,0.032959867,0.060970267,0.08088911,0.078895668,0.046799854,0.034712477,0.011333834,0.000967169,8.10E-05,0,0.029061533,0.15885399,0.146369047,0.079015626,0.075370483,0.023144684,0.00225894,0,0,3.01E-05,0.001729768,0.005507769,0.00619372,0.005908335,0.007181794,0.004927502,0.002065996,3.37E-05,0,0,0,0.006629408,0.007380077,0.014774283,0.015289035,0.013996612,0.011130282,0.006956506,0.000317313,0,0,47,51.5326959,46.1666262,50.6727373,49.6980416,49.4719179
RP-3-03,RP,0.000277703,0.0021798,0.005359164,0.008194716,0.005953717,0.005882039,0.011325491,0.007368989,0.000549874,0,0.000204274,0.002401811,0.006149049,0.00545738,0.003230278,0.000434796,0,2.43E-05,5.98E-05,0.000452087,9.33E-05,0,0.000924154,0.036347728,0.050095639,0.06075898,0.075194756,0.043543501,0.039854607,0.014111901,0.002959677,0.000910884,0,0.020451,0.100863544,0.091404326,0.065612625,0.042476267,0.016026617,0.003976654,3.10E-05,0,0.00292114,0.009080189,0.022680769,0.028342084,0.022416093,0.024691169,0.016812913,0.007775425,0.001424268,0.000323819,2.15E-05,0.00059418,0.007479398,0.012372394,0.023824412,0.030737396,0.025405292,0.018444218,0.010543225,0.002242715,0.000526954,0.000198074,46,51.4274576,44.2001656,48.7164634,49.7343863,46.3499976
RP-3-04,RP,0.001039492,0.011196397,0.033878097,0.042609204,0.021593588,0.013774683,0.008363388,0.004187639,0.001106171,0.000344808,0.000534223,0.003759107,0.016512092,0.013082654,0.007850303,0.001401332,0,0.000109385,0.000185699,0.000668517,0.00017772,0,0.001712641,0.006191591,0.026450016,0.025856959,0.040479327,0.028154018,0.02688873,0.014918122,0.00371341,0.001650184,0.000228706,0.00348177,0.008130299,0.016330264,0.013503993,0.01320946,0.003519998,0.000981279,3.98E-05,0.000396388,0.006012595,0.020557628,0.057209578,0.070220389,0.056846022,0.04790033,0.035075799,0.009575988,0.002770944,0.000916174,2.81E-05,0.001926078,0.010744077,0.029778668,0.054390535,0.067324327,0.052448175,0.03496694,0.017290134,0.004756289,0.000862539,0.000187277,48,50.525658,43.4063676,47.876378,48.6451193,45.3769084
RP-3-05,RP,0.000324394,0.003353705,0.026912612,0.036606877,0.016872098,0.006478462,0.000428051,0,0,0,0.000344123,0.005617755,0.011771012,0.003320296,0.000351339,0,0,0.001457955,0.001312698,0.000133163,0,0,0.002849622,0.010512135,0.028655464,0.107380347,0.092253327,0.05032883,0.00725508,0.000550525,0,0,0,0.006755741,0.025803493,0.042338429,0.020301688,0.002838113,4.32E-05,7.75E-06,0,0,0.007260977,0.006887756,0.049149892,0.074643353,0.042797738,0.021462297,0.005674123,0.000326698,7.21E-06,0,0,0.000444306,0.004837875,0.015915675,0.088878153,0.104722596,0.054532675,0.008777446,0.000489219,3.37E-05,0,0,48,50.0239313,44.3637659,48.7811766,48.0855651,44.7758774
RP-3-06,RP,0.000881762,0.008806958,0.026725255,0.021815322,0.009633428,0.006182727,0.003495621,0.001655173,0.000113019,0,0.000381381,0.003912309,0.012090319,0.008069852,0.004594399,0.000616836,0,0.000378869,0.000436802,0.001358238,0.000208608,0,0.002377853,0.011482871,0.061673478,0.05070352,0.064077626,0.0321029,0.021958941,0.009003997,0.001480306,0.000290088,0,0.002465916,0.017861126,0.029285397,0.018039923,0.014514693,0.00440543,0.00068542,0,9.54E-06,0.004068738,0.031014937,0.081578046,0.060679386,0.049571086,0.049572354,0.015669405,0.006427837,0.0008344,0.000191943,0,0.000914942,0.006850829,0.031240586,0.055220692,0.063217089,0.048085701,0.029096052,0.010062508,0.001634087,0.000235257,5.82E-05,45,49.5119096,41.3806628,45.789366,47.1525141,44.9546297
RP-3-07,RP,0.001164239,0.009819709,0.029268344,0.036382462,0.018776443,0.012368115,0.007009485,0.003357421,0.000431317,0,0.000397875,0.003020731,0.011462163,0.007118773,0.00376222,6.96E-05,0,0.000157841,0.0001798,0.000369934,0,0,0.002106859,0.008401637,0.046293762,0.040902399,0.055245227,0.036795069,0.032027066,0.015587632,0.005812632,0.000655608,0,0.002938572,0.015968471,0.031248815,0.022805842,0.017374988,0.008059461,0.002012428,4.92E-05,9.86E-05,0.005723362,0.022752624,0.068333053,0.066037669,0.057601529,0.046761382,0.026351682,0.0114006,0.002698104,0.000168675,0,0.00072982,0.008092573,0.02133086,0.047248615,0.049632428,0.040181447,0.023756736,0.009251997,0.002164954,0.000233751,4.74E-05,48,50.5357179,42.9952712,47.4465279,48.6801588,45.6951904
RP-3-08,RP,0.000567828,0.004007107,0.017791805,0.020278647,0.012629692,0.007883975,0.004245812,0.00205105,0.000730898,0,0.00088674,0.002299785,0.009198318,0.004723586,0.00263722,0.000327111,0,0.000174426,0.000247854,0.000158495,4.55E-05,0,0.003479829,0.014503526,0.046861108,0.111666338,0.079878173,0.062082949,0.026652203,0.024415996,0.004304475,0,0,0.007429049,0.028560339,0.045717376,0.027370833,0.012537572,0.005823118,0.000561505,0,0,0.006442278,0.012917203,0.05171214,0.066658951,0.045446648,0.047180915,0.028497474,0.024779316,0.011061882,0.000228353,0,0.00022407,0.002103202,0.008232278,0.024244643,0.027493758,0.021418557,0.01302777,0.008615026,0.006647309,0.000337989,0,46,51.7977134,44.2897314,48.8040169,49.6848924,46.6395792
RP-3-09,RP,0.001308098,0.007912075,0.020446986,0.032677822,0.019436298,0.013288272,0.006753267,0.004371125,0.000761468,0,0.000363152,0.002210351,0.009284629,0.007640967,0.006097773,0.000596393,0,0.001176429,0.003370624,0.004089097,0.001785565,0,0.003195802,0.006605746,0.018618052,0.028363851,0.061718619,0.047564692,0.034289685,0.013918022,0.003490978,0.001037071,0,0.002719544,0.014656021,0.035876773,0.023236833,0.012934042,0.003383807,0.000898649,0,0.000951621,0.006122586,0.013195937,0.033364859,0.086742726,0.074638305,0.064871319,0.029856427,0.009665698,0.002850531,0.000410986,0,0.003765102,0.008166885,0.014762993,0.037397519,0.060153599,0.045537153,0.03004549,0.01569496,0.004701036,0.000880383,0.000145312,47,52.0115781,44.6430546,49.2476682,50.4021809,44.8270788
RP-3-10,RP,0.000106664,0.003881155,0.041946209,0.01454991,0.004845934,0.004540768,0.004891755,0.003192045,0.000417312,0,0.001137037,0.000801612,0.0052022,0.004065002,0.002972044,8.88E-05,0,0.000401193,0.000317938,0.000219357,0,0,0.001939952,0.011844743,0.067172234,0.077785797,0.067906185,0.072137342,0.037971623,0.032830102,0.0027448,0,0,0.009372474,0.029060022,0.059092526,0.047779779,0.03022227,0.013883211,0.000902635,0,0,0.003686228,0.025586436,0.041949467,0.052525628,0.038658849,0.04435847,0.030831251,0.022290429,0.004375295,3.99E-05,0,0.000232033,0.001659991,0.011904933,0.011982682,0.014605658,0.014296315,0.01246413,0.009811262,0.002322976,0.000162282,3.31E-05,47,51.8170339,43.9832096,48.4582805,49.8792474,49.3842908
RP-3-11,RP,0.000578976,0.001900787,0.005416643,0.014054132,0.008841094,0.008188568,0.005538012,0.002025375,0,0,0.000316123,0.003274956,0.010756651,0.006392566,0.003013135,0.000100827,0,6.15E-05,0.000250176,0.000361938,0,0,0.007625748,0.011949517,0.018182933,0.046859784,0.088989218,0.064179173,0.041407135,0.014463288,0.001347206,0.000162573,0,0.0039235,0.033400573,0.066227688,0.035779919,0.021511034,0.007213117,0.000516421,0,9.85E-05,0.00398164,0.008117167,0.019672993,0.07078937,0.064326019,0.053830594,0.031984611,0.007834066,0.000735112,0,0,0.000882355,0.001601286,0.003178467,0.026177009,0.070389306,0.054626452,0.035572619,0.010555532,0.00073901,7.13E-05,2.62E-05,43,62.2279051,47.1231502,51.835774,59.2356047,45.08992
RP-3-12,RP,0.000612041,0.002853065,0.013794879,0.024281793,0.011932652,0.009882231,0.007382082,0.002631916,0.000161832,0,0.000526589,0.007876512,0.025810314,0.016989075,0.007644829,0.000698668,0,0.000178155,0.000434581,0.000642038,7.93E-05,0,0.003903223,0.009723776,0.022803314,0.056515283,0.077074761,0.063707102,0.046781534,0.019358517,0.002331441,0.000292975,0,0.006541446,0.029850092,0.058769993,0.045873211,0.032818884,0.00982544,0.001396862,0,0.000511196,0.002693221,0.005436355,0.027325364,0.062474827,0.048471266,0.069495384,0.027766851,0.005047701,0.000956089,8.23E-05,0,0.003992723,0.008609049,0.02176514,0.029476145,0.027899619,0.025284002,0.00853708,0.001970654,0.000174736,4.99E-05,0,45,52.7224228,45.2529993,49.8693289,50.4727928,44.6387028
RP-3-13,RP,6.39E-05,0.000294155,0.002515788,0.003490102,0.001609853,0.001752218,0.000388992,0.000111364,0,0,0.000164421,0.000758703,0.002146373,0.000598116,5.53E-05,0,0,0,0,0,0,0,0.004186147,0.011934588,0.050943872,0.10932203,0.10412733,0.054656591,0.012427575,0.002777178,0.001959137,0.001733647,0.001022705,0.009173588,0.046698419,0.072094673,0.026343295,0.004904328,0.001620623,0.000674017,0.000101431,0.000141895,0.003757358,0.01566688,0.095624521,0.102738025,0.07067908,0.032071976,0.006045703,0.003626733,0.003618026,0.002678633,0.001772977,0.000767459,0.002417326,0.010929166,0.04374553,0.036007309,0.023459019,0.005336924,0.002354673,0.002237702,0.001944623,0.001727985,44,49.4520825,43.1745505,47.6271751,47.7783819,45.9084501
RP-3-14,RP,0.000133146,0.001996852,0.011954512,0.021601201,0.014667617,0.012730498,0.007343844,0.003479919,0.000362543,0,0.002565099,0.017115543,0.024291269,0.013148104,0.00543812,0.000385901,0,0.000199612,0.000402182,0.00088611,0.000136283,0,0.00038298,0.004753709,0.027699097,0.071707816,0.081242401,0.045082851,0.034221419,0.018320555,0.006587621,0.000278078,0,0.005884717,0.033250699,0.03848708,0.024689561,0.016026,0.007052,0.000745291,0,0,0.000948231,0.005893117,0.042096163,0.093969737,0.072459984,0.061050337,0.046291256,0.030096956,0.007208181,0.000652681,0,0,0.000251908,0.002395844,0.012934451,0.017594036,0.016997412,0.015460396,0.013111381,0.004685931,0.000538738,0.000113031,56,59.0697509,53.3331991,57.8341152,54.4537329,55.3345601
RP-3-15,RP,0.000980181,0.012616439,0.033381203,0.027233212,0.018602765,0.00665787,0.001759907,0.000213819,0,0,0.000720002,0.00452833,0.009596175,0.00534893,0.00131062,3.54E-05,0,0.001209982,0.001431485,0.000808931,0,0,0.000902688,0.008443168,0.039227783,0.095969548,0.071066379,0.036545809,0.019109226,0.004198677,0.000255004,0,0,0.006557236,0.021913141,0.025593522,0.017329453,0.006282666,0.000883012,0,0,0,0.00511074,0.027037519,0.037012443,0.043335595,0.037550218,0.033773889,0.01644369,0.005411267,0.000566181,6.87E-05,0,0.000233191,0.009546079,0.042246262,0.079612227,0.09074696,0.059652947,0.023170237,0.006076597,0.001348602,0.000284901,5.92E-05,45,49.2418343,42.8915869,47.2608991,46.7702968,45.1832815
RP-3-16,RP,0.000304139,0.00460364,0.018031471,0.012210568,0.008573448,0.005857179,0.003288093,0.00229747,0.000882587,0,0.00023001,0.000935534,0.004358545,0.004630845,0.004225388,0.001089148,8.85E-05,0.001536962,0.003818341,0.005784006,0.002198183,0.000172052,0.000366386,0.005108566,0.047025367,0.083850203,0.059178592,0.049612177,0.04822515,0.037209291,0.010322192,0.002342936,5.33E-05,0.005552306,0.010644309,0.02983843,0.025758743,0.023801031,0.013088999,0.006238376,0,0,0.002742823,0.019296819,0.060549277,0.051327041,0.03303266,0.047023895,0.039636001,0.021884038,0.014806861,0.000545601,0.001307806,0.00027428,0.003399385,0.02320702,0.030447003,0.029541257,0.027919556,0.022813399,0.016721019,0.007058948,0.002493987,0.00063885,47,52.2630241,47.4212762,51.8944004,50.1925388,50.5493885
RP-3-17,RP,0.000144444,0.006575559,0.026942611,0.039852953,0.013717348,0.003075421,3.11E-05,0,0,0,0.00045298,0.006548801,0.013084092,0.001873952,8.88E-05,0,0,0.002042655,0.000454939,0,0,0,0.000885285,0.019678392,0.055540576,0.090670908,0.122720514,0.025745728,0.002352828,0.000115825,0,0,0,0.003155264,0.027574427,0.064817841,0.017129818,0.001467239,5.04E-05,0,0,0,0.004923547,0.015482903,0.042859731,0.049675674,0.041960079,0.009407406,0.000629882,0,0,0,0,4.69E-05,0,0.040397609,0.088825953,0.124990844,0.033245427,0.000743606,1.98E-05,0,0,0,44,49.0619283,43.0080024,47.3577043,47.2384191,45.8612379
RP-3-18,RP,0.000847788,0.003373221,0.011828462,0.026131354,0.010622822,0.0037426,0.002291909,0.001119759,0,0,0.000305079,0.001658798,0.004254155,0.001118584,0.000219614,0,0,0.000733523,0.00019599,0,0,0,0.006327684,0.008654211,0.022998322,0.031506656,0.07054595,0.049220001,0.039797168,0.01852964,0.003964296,0.000127976,0,0.002354896,0.015356793,0.036327356,0.028839137,0.02239831,0.00831742,0.000841988,0,0.001663122,0.005375583,0.009167261,0.024291674,0.103183098,0.079045098,0.069064399,0.05231061,0.017835229,0.003011865,0,0,0.002388248,0.003754054,0,0.036446196,0.062252832,0.040477877,0.032065961,0.019431357,0.003478073,0.000206002,0,44,59.452241,45.0928577,49.8192881,54.7628664,38.5307388
RP-3-19,RP,0,0.003093677,0.023152298,0.020269908,0.010832951,0.005190191,0.000796546,0,0,0,0.000327328,0.002192446,0.006566031,0.003149456,0.000686793,0,0,0.005484846,0.005074587,0.000790561,0,0,2.62E-05,0.002801458,0.048193491,0.075334443,0.058874499,0.041708161,0.010342912,0.001563915,3.18E-05,0,0,0.013168182,0.02922632,0.044881845,0.022486838,0.005796363,0.000431802,6.54E-05,0,8.17E-06,0.00046399,0.008496325,0.044936041,0.03988254,0.028543514,0.017046942,0.007202474,0.001003838,2.52E-05,0,0,0,0.002384218,0.057432829,0.111199631,0.12609572,0.085839347,0.023836626,0.002842817,0.000199928,1.86E-05,0,48,49.8606453,46.3618437,50.6871354,47.9592157,50.717203
RP-3-20,RP,0.001510741,0.008239228,0.026480995,0.051736319,0.037697277,0.017540093,0.008323739,0.002946413,0.00015026,0,0.000587489,0.002833242,0.012491012,0.012099416,0.005772148,0.001118749,0,0.001529322,0.004893053,0.004534585,0.000291841,0,0.004273843,0.007153892,0.016499964,0.038843329,0.050894468,0.050930702,0.025055252,0.012598638,0.000223939,0,0,0.002098756,0.006734447,0.01627803,0.015028609,0.008861264,0.00198207,0,0,0,0.012109169,0.017569505,0.042746662,0.080389337,0.059906174,0.061000823,0.030260952,0.01030347,0.000524495,0,0,0.003838921,0.008660707,0.016853943,0.043633741,0.060569601,0.048820856,0.033724961,0.010234914,0.000595365,2.33E-05,0,44,51.3447976,42.389794,46.9363712,49.3280978,41.9678442
RP-3-21,RP,0.000423182,0.003079287,0.012701139,0.023110152,0.010965523,0.010282457,0.007110628,0.002266362,0,0,0.00046175,0.007719517,0.025889728,0.016366674,0.00681691,0,0,0.00023724,0.000328026,0.000521137,0,0,0.004144651,0.009398064,0.021758628,0.065581468,0.077154591,0.062919168,0.053756832,0.017185043,0.00216857,0.000124528,0,0.006272387,0.030264012,0.061194869,0.044144523,0.038041731,0.010171184,0.000982337,0,1.50E-05,0.00269469,0.005097205,0.028825122,0.057264732,0.05180962,0.070261549,0.032732387,0.006321177,0.000752736,0.00010529,0,0.004644994,0.008906629,0.020174304,0.02695818,0.020537455,0.019283725,0.007171011,0.002260659,0.000297968,0.000153871,0.000189387,44,53.4963515,45.3815534,50.0011113,50.8685398,43.9213749
RP-3-22,RP,0.000678785,0.006021832,0.023854992,0.031242928,0.014956569,0.009765532,0.004069208,0.001402906,0.000246745,0,0.00074345,0.003996199,0.013126804,0.006595222,0.002357725,0,0,0.001299071,0.001895827,0.000634661,0,0,0.003331418,0.010950816,0.036817032,0.058345967,0.07677766,0.044212813,0.025734366,0.009414254,0.003405629,0.00103227,0,0.002507967,0.024735033,0.036419747,0.021689191,0.014283507,0.003371458,0.000482013,0,4.72E-05,0.004185191,0.014178331,0.067308658,0.075489872,0.05109795,0.038216395,0.023350632,0.009446104,0.004671912,0.000688042,0,0.000674859,0.005316439,0.017547002,0.062464489,0.062335087,0.041779794,0.016276941,0.005110172,0.00256312,0.000826384,2.58E-05,46,50.7068624,43.9733825,48.4402553,48.9122171,46.376296
RP-3-23,RP,0.001648557,0.009701111,0.02566814,0.039437143,0.024032765,0.018084291,0.010653,0.002590595,0,0,0.000951095,0.006975866,0.018845366,0.012676823,0.005874293,0,0,0.001038181,0.003122753,0.00265751,0,0,0.002977536,0.009071203,0.018318566,0.033003583,0.053196202,0.039370144,0.035949052,0.013291892,0.00097316,0,0,0.003726745,0.018986699,0.032991064,0.022625086,0.014798878,0.002194471,0.000117457,0,0,0.006114522,0.014783221,0.045454907,0.068332769,0.06364889,0.055288767,0.03189195,0.006450981,0.000165407,0,0,0.002135102,0.008259751,0.017771043,0.037749547,0.061877265,0.048428564,0.034456881,0.010901929,0.000676298,6.30E-05,0,47,51.5870206,44.7338445,49.2701811,50.1726254,45.8251869
RP-3-24,RP,0.000396773,0.00663796,0.028437947,0.032976752,0.015319463,0.009850936,0.003223651,0.000551615,0,0,0.000259319,0.002096382,0.009359149,0.004826925,0.001737685,0,0,0,2.93E-05,4.32E-05,0,0,0.001067062,0.007901954,0.040342468,0.047801909,0.06539853,0.045302281,0.028888225,0.007957398,0.000483018,4.70E-05,0,0.003981101,0.013768015,0.025625096,0.013166408,0.012139732,0.001791325,0.000108067,0,2.32E-05,0.003633788,0.018049257,0.069429561,0.087219255,0.079393939,0.053836509,0.018759842,0.003151176,0.000238257,0,0,0.000840134,0.005874357,0.026471176,0.0538427,0.068398236,0.052832795,0.022302924,0.003696249,0.000418121,7.19E-05,0,47,50.6241267,44.8071396,49.2196051,48.7595274,47.3849465
RP-3-25,RP,2.29E-05,0.007962514,0.02301498,0.018983215,0.007843074,0.003581614,0.000989103,1.34E-05,0,0,0.000349499,0.003220741,0.00691828,0.00317176,0.000958722,0,0,0.004637242,0.003581052,0.000687755,0,0,0.000541958,0.019679132,0.075610504,0.073292892,0.049498766,0.023301882,0.007703468,0.001871876,0,0,0,0.017158051,0.056424923,0.043583854,0.017677424,0.007164169,0.000860277,4.95E-05,0,0,0.001196083,0.019154185,0.054663274,0.043705774,0.026670468,0.013452372,0.006240114,0.000745181,0,0,0,0.000155286,0.009857273,0.060956021,0.086421257,0.113229521,0.063966585,0.016728638,0.002277054,0.00018622,4.02E-05,0,40,48.1941901,40.8902792,45.2143931,45.2045267,45.0747826
RP-3-26,RP,8.12E-05,0.002285008,0.006724759,0.006928619,0.004440269,0.003899341,0.002468132,0.001000308,0.00022257,0,0.000294686,0.00202271,0.004275826,0.002410572,0.000953747,4.16E-05,0,4.04E-05,4.92E-05,9.81E-06,0,0,0.001536193,0.0224156,0.083614449,0.085515032,0.075569747,0.04106248,0.02554753,0.007652996,0.001537973,0.000418052,1.92E-05,0.01149818,0.039525963,0.044660985,0.025972717,0.01304288,0.003079484,0.000595374,0,1.47E-05,0.004873373,0.024764157,0.07616718,0.091549203,0.083563137,0.063945646,0.033913081,0.008954318,0.00241894,0.000877576,0.000356641,0.000103053,0.002922978,0.011986253,0.01647005,0.018086548,0.016408693,0.013892363,0.005002397,0.001444989,0.00055353,0.000317689,45,49.5766638,42.294906,46.7335256,48.0718595,46.4779579
RP-3-27,RP,0.001262797,0.004821849,0.016165779,0.025337084,0.015592348,0.012916361,0.004853377,0.001234209,1.88E-05,0,0.000356184,0.004780814,0.014586228,0.00743625,0.003481267,8.66E-05,0,0,3.74E-05,0.000182877,0,0,0.003879944,0.008496907,0.026333356,0.044537372,0.06396452,0.046682576,0.031083348,0.008741581,0.000986987,8.67E-05,0,0.005806582,0.01742446,0.031526593,0.022630269,0.017494478,0.002820727,0.000344632,0,0.0002399,0.004668378,0.012473385,0.056528449,0.077650109,0.071403547,0.065683186,0.017730424,0.004529099,0.000776771,0.000195597,4.04E-05,0.003716663,0.006464244,0.015681912,0.051866429,0.074756339,0.057797375,0.026768555,0.004253124,0.000627072,0.000102608,5.51E-05,43,51.5343027,44.0004264,48.548058,49.7172054,44.4683781
RP-3-28,RP,0.000454376,0.004981462,0.013658134,0.014225922,0.009945576,0.006698997,0.003004022,0.001368674,0.000343152,0,0.000952495,0.006278976,0.010011297,0.004728362,0.001983802,4.34E-05,0,4.07E-05,9.56E-05,0.00020866,0.00010821,0,0.003958238,0.02384637,0.062996312,0.08385412,0.074240208,0.037020965,0.020736066,0.009356227,0.003252194,0.000786805,0.000232267,0.008752279,0.020427717,0.024547582,0.015778885,0.007538183,0.002476238,0.000391755,0,0,0.006760941,0.0327116,0.066399192,0.096737656,0.100299617,0.070348982,0.041584083,0.01852049,0.006010356,0.001962983,0.001261656,0.001197345,0.002341507,0.008091347,0.013583842,0.017463269,0.014451901,0.010524154,0.00667027,0.002370493,0.00086748,0.000516627,43,50.3169461,40.9953,45.4851669,48.7588644,44.0320615
RP-3-29,RP,0.000578204,0.004769911,0.014048515,0.021339447,0.01291419,0.011761592,0.009439029,0.006956179,0.003080051,0.00038283,0.000589117,0.005083357,0.015021768,0.01154789,0.008547099,0.002777977,0.000341259,0.001147109,0.002959146,0.002832686,0.001259387,0.000140818,0.001808257,0.009662058,0.035468122,0.033113313,0.052564116,0.045261245,0.036662875,0.025903733,0.011815423,0.005363372,0.001690515,0.006685222,0.02092292,0.030791738,0.02515611,0.017952985,0.011708813,0.005233132,0.001172818,4.63E-05,0.003186233,0.015356514,0.046641083,0.055939956,0.05241921,0.04617821,0.040337852,0.017959017,0.009496621,0.003309353,0.000865238,0.001126155,0.005210191,0.014840286,0.034505207,0.049250656,0.036445515,0.026424106,0.014829362,0.006540754,0.001983305,0.000654588,50,52.6917276,47.3012403,51.8586493,51.1077525,49.5567891
RP-3-30,RP,0.000698126,0.003667452,0.017567243,0.020332695,0.012673128,0.011214138,0.007376763,0.002253988,0.000284774,0,0.001424197,0.007614555,0.013029021,0.007424164,0.003340207,7.26E-05,0,0.000185307,0.000364794,0.000336553,1.74E-05,0,0.00499633,0.012513814,0.035409997,0.092300418,0.088756442,0.053489551,0.037072737,0.017720467,0.003017231,0.000834832,0,0.007860591,0.037818942,0.044828308,0.02858672,0.018511482,0.003851978,0.000474688,0,2.20E-05,0.003843132,0.012598546,0.055217723,0.076186785,0.055771461,0.051797607,0.033108523,0.01197587,0.003393244,0.000392728,0,0.000294363,0.001478595,0.005168273,0.020151842,0.02164876,0.021393465,0.017647725,0.00750915,0.002094637,0.000371921,1.21E-05,47,52.4791651,45.0820371,49.6374299,50.4434359,47.4830375
RP-3-31,RP,0.000563941,0.002573072,0.013326614,0.027792095,0.010262242,0.00516885,0.003497652,0.001359179,0.000103008,0,0.000483927,0.003282757,0.006312955,0.002869146,0.001416431,7.51E-05,0,0.000531394,0.000147573,5.90E-05,0,0,0.004061097,0.007518795,0.017859075,0.05298208,0.070580726,0.043271236,0.029395275,0.014888431,0.002564276,6.88E-05,0,0.003575418,0.018968577,0.033245212,0.023861697,0.014687549,0.003624838,0.000621624,0,4.31E-05,0.003888793,0.010239168,0.050476067,0.114306487,0.082605184,0.06965335,0.042726296,0.014208415,0.002146639,0.000128889,0,0.001343904,0.002575156,0.006723722,0.048403548,0.059270254,0.032333174,0.024920154,0.0101531,0.002176117,7.89E-05,0,47,56.108904,47.4727901,52.0319079,52.8319557,47.9931002
RP-3-32,RP,0.001381712,0.004783757,0.012264189,0.015891606,0.013141072,0.012359899,0.00850387,0.001840582,0,0,0.00119263,0.009034975,0.014849053,0.011389861,0.002574627,0,0,0.000216159,0.000418539,0,0,0,0.006412803,0.02354785,0.037923859,0.082990615,0.104805405,0.078769145,0.047741818,0.015025138,0.000873987,0,0,0.008358648,0.03838638,0.064300613,0.046283076,0.025377128,0.005331747,0,0,0,0.005920991,0.014355126,0.038027819,0.059512623,0.053011153,0.046918627,0.022434284,0.00419992,0,0,0,0.001420436,0.002744714,0.005359716,0.011115955,0.014771034,0.013204516,0.008943163,0.001963782,0.000125395,0,0,44,51.6161942,42.4218228,47.017138,50.0806017,43.8441011
RP-3-33,RP,0.000493476,0.008082452,0.027797639,0.038888975,0.013796344,0.006941395,0.000707028,0,0,0,0.00116703,0.00815046,0.018042279,0.008617086,0,0,0,0.001937026,0.001158487,0,0,0,0.002809343,0.021676265,0.054296284,0.071658033,0.076670707,0.031134312,0.005155236,0.000506193,0,0,0,0.010170938,0.027755222,0.058238704,0.018724934,0.006120291,7.64E-05,0,0,0,0.005491484,0.016302666,0.052610842,0.078335411,0.039704384,0.014382622,0.001950535,0,0,0,0,0.000309375,0.010414109,0.029210907,0.081920585,0.106240076,0.040779959,0.001574525,0,0,0,0,42,48.809657,40.746891,45.1307732,46.9941462,43.7549058
RP-3-34,RP,0.000508152,0.004226907,0.020913327,0.034224425,0.016436631,0.009275289,0.002811396,0,0,0,0.000613049,0.007538384,0.020873536,0.014823386,0.008785146,0,0,0.001713429,0.004331644,0.003856023,0,0,0.002724101,0.009506528,0.026789475,0.054746076,0.082990251,0.043514936,0.022188873,0.00737161,0,0,0,0.005234957,0.022859265,0.053041169,0.029132636,0.017642083,0.003888513,0,0,0,0.003462467,0.008350442,0.03890457,0.061896585,0.042337106,0.033328076,0.017251444,0.002413281,0,0,0,0.001440149,0.005520302,0.012228394,0.062975106,0.089177743,0.063452844,0.020642444,0.003446341,0.000611508,0,0,49,52.0078909,46.5205505,51.022841,49.8495831,47.5225012
RP-3-35,RP,0.001461312,0.010679947,0.033552834,0.053403685,0.025826334,0.019081192,0.010329408,0.002122349,0,0,0.000652625,0.00674352,0.021396224,0.014120359,0.008348779,0,0,0.002369141,0.006356631,0.00728287,0,0,0.00313212,0.006731665,0.021522749,0.035536668,0.053702762,0.032927982,0.028221189,0.013379002,0.00126157,0,0,0.003435055,0.007394131,0.023642812,0.013710559,0.017152576,0.001841049,0.000975735,0,0,0.005776661,0.013981062,0.046387143,0.076598844,0.062683535,0.04798438,0.028887073,0.009120471,0.003594319,0,0,0.00214945,0.00854189,0.015055926,0.047281514,0.062464436,0.044711776,0.025664408,0.009000851,0.001307844,0.000513584,0,48,51.4123456,44.4005958,48.918642,49.4512983,45.1771008
RP-3-36,RP,0.001796215,0.012759471,0.039472687,0.049447024,0.028213612,0.024567506,0.011785268,0.004192887,0,0,0.001118424,0.007879196,0.018355211,0.012630235,0.008841642,0,0,0.001111665,0.004098846,0.00742888,0,0,0.001332384,0.004598906,0.015845169,0.0261353,0.043268478,0.029689516,0.032064491,0.013168477,0.002587145,0,0,0.003169274,0.004739531,0.013267216,0.009628408,0.01104259,0.001644296,0.000462254,0,0,0.005422474,0.018805789,0.061359444,0.069320742,0.057505135,0.049761007,0.030028941,0.013007997,0.002788484,0,0,0.002405057,0.0080217,0.024262764,0.05659569,0.060242249,0.048876834,0.030374707,0.012207768,0.002181819,0.000489195,0,47,50.7819015,44.5789865,49.0434713,49.162446,45.9343718
RP-3-37,RP,0.002134078,0.00901032,0.025067897,0.024906406,0.019348176,0.013187417,0.004391856,0.000733482,0,0,0.000929632,0.006475016,0.014998651,0.013565844,0.00173382,0,0,0.001902024,0.00251337,0.004388109,0,0,0.00371838,0.011721808,0.025612196,0.036526774,0.056787664,0.039565422,0.031324171,0.012216218,0,0,0,0.004413797,0.012152863,0.026222372,0.024338471,0.022328803,0.003239497,0.00053832,0,0,0.004485213,0.014128094,0.047984187,0.07007801,0.047569184,0.042010579,0.029170609,0.009016689,0.002500762,0,0,0.003176066,0.009108447,0.024115027,0.058300788,0.075553064,0.061104845,0.035028497,0.008929269,0.001747815,0,0,46,51.0034706,43.0159692,47.5434338,49.1493956,43.8993148
RP-3-38,RP,0.000207071,0.001080013,0.006435428,0.004605465,0.002877758,0.007783326,0.002877362,0,0,0,0.000313361,0.00250115,0.008336441,0.004523219,0.000343661,0,0,0,0,0,0,0,0.003866997,0.017074687,0.03978514,0.08063283,0.08426283,0.052727794,0.03960594,0.019456541,0.001137674,0,0,0.009595529,0.03713157,0.057588813,0.045689548,0.030817287,0.008070369,0,0,0,0.004370137,0.016365686,0.059807373,0.080792185,0.069393196,0.066759133,0.045936899,0.012567283,0,0,0,0.00245593,0.001830183,0.005210255,0.012149083,0.015681034,0.016994805,0.014157787,0.00598237,0.000218856,0,0,47,51.8954488,44.66283,49.2381954,50.4507441,46.4369816
RP-3-39,RP,0.001377377,0.006331015,0.017957215,0.038525412,0.018851746,0.009545014,0.001878331,0,0,0,0.000419497,0.012552912,0.023350681,0.017123411,0.00452907,0,0,0.003922395,0.005040335,0.002065691,0,0,0.004814928,0.010501976,0.025739146,0.038797508,0.08612144,0.045311785,0.022492004,0.008164148,0,0.001356254,0,0.004794413,0.030676331,0.075638843,0.057433903,0.025928033,0.005328034,0,0,0.000242736,0.003015673,0.00584355,0.021705651,0.041605334,0.03982422,0.023604539,0.010885272,0.002476116,0.000991745,0,0,0.004009303,0.006185714,0.01213507,0.040498717,0.099651251,0.060281674,0.016674316,0.003366137,0.000434132,0,0,47,52.6124926,44.6655211,49.265911,49.7822537,38.9827406
RP-3-40,RP,0.000569709,0.002332143,0.010127679,0.01475979,0.008935007,0.005693828,0.004850423,0.002008074,0,0,0.00027744,0.004707871,0.012685987,0.006556364,0.00241696,0,0,0.001464915,0.000873406,0.001802413,0,0,0.003998513,0.016337918,0.033647107,0.054698212,0.076599174,0.045315299,0.03741658,0.019879991,0.008661181,0,0,0.00869429,0.032705595,0.05741428,0.042504272,0.029296437,0.013085263,0.001513702,0,0,0.004750077,0.013608853,0.043708234,0.062851793,0.055482184,0.050487232,0.038155724,0.025711896,0.01266065,0,0,0.002643319,0.002835378,0.006667423,0.017612813,0.036502694,0.028895992,0.017107958,0.013176596,0.004974625,0.00033674,0,47,52.4947871,45.1674754,49.7804605,50.4940334,45.9548205
RP-3-41,RP,0.001306877,0.006052162,0.011942583,0.021543379,0.018895582,0.01945187,0.016184457,0.010010899,0.003600281,0,0.002236075,0.022998697,0.04080722,0.029745545,0.015234568,0.002493022,0,0.000986871,0.00157941,0.004167256,0.001358929,0,0.0055171,0.016108241,0.026074772,0.044608589,0.083270224,0.052117213,0.042731754,0.029868609,0.014044252,0.005057963,0,0.005529105,0.028647729,0.043751156,0.03478679,0.026747756,0.013592242,0.003543635,0,0,0.0042643,0.009151921,0.015002538,0.054508143,0.046443053,0.044926974,0.036129509,0.02308636,0.010366747,0.003104982,0,0.002705454,0.001272878,0.001963369,0.00563407,0.009405181,0.008133741,0.007364323,0.006682268,0.002496562,0.000613751,0.000151062,44,57.5336046,46.3679842,51.1007808,54.0390896,43.9926921
RP-3-42,RP,0.000176739,0.005085379,0.031493304,0.034015601,0.014488848,0.004385008,0.000895055,5.75E-05,0,0,0.000639695,0.008120143,0.011283898,0.004772476,0.002416454,0.000144442,0,0.00157013,0.001665472,0.00053282,0,0,0.000218714,0.008352481,0.047226717,0.06478963,0.087823279,0.033840405,0.007596652,0.001094624,0,0,0,0.010923589,0.025018206,0.051868989,0.019057417,0.005034956,0.000665228,9.19E-05,0,0,0.001240496,0.010752256,0.05911107,0.078717819,0.035725238,0.02600855,0.002235751,0.000681126,0,0,0,1.18E-05,0.004550512,0.031998527,0.089573286,0.111624654,0.051450045,0.00965982,0.001118288,0.000162814,3.22E-05,0,48,49.5708673,45.2489009,49.5877128,47.7380782,47.9620472
RP-3-43,RP,0.000731422,0.005236635,0.022232414,0.035619973,0.020976814,0.005098098,0,0,0,0,0.000194243,0.009346105,0.011236545,0.003900155,0.000305735,9.01E-05,0,0.000513859,0.000125167,0,0,0,0.004982653,0.011747267,0.030977594,0.044792703,0.170115533,0.04819024,0.006228163,0,0,0,0,0.007905895,0.013133371,0.036972103,0.020329283,0.000402905,0,0,0,0,0.004956686,0.014943949,0.042747713,0.093692087,0.063624028,0.024499463,0.000222915,5.46E-05,0,0,0,0.00172543,0.007701522,0.018197027,0.059201179,0.099518845,0.056479765,0.000867992,9.24E-05,5.38E-05,3.56E-05,0,46,50.5604509,42.9785756,47.4625232,48.8700935,44.4694182
RP-3-44,RP,0.000711425,0.007398291,0.021443361,0.042556943,0.018737112,0.00747207,0,0,0,0,0.0003373,0.009083749,0.018571709,0.004181788,0,0,0,0.001228947,0,0,0,0,0.005429031,0.012511974,0.03422299,0.053475323,0.100128209,0.048620306,0.004741818,0.000408664,0,0,0,0.004557593,0.017984433,0.066433708,0.02180967,0.002577845,0,0,0,0,0.004771671,0.012493229,0.035720104,0.088755915,0.06784731,0.019910423,0.000890966,0,0,0,0,0.002339873,0.007997417,0.016920468,0.057592286,0.124387165,0.054586974,0.001161942,0,0,0,0,45,50.4591477,42.4555782,46.9482451,48.5611514,43.6004052
RP-3-45,RP,0,0.007111972,0.020330586,0.022756495,0.011639213,0.00662054,0.000480151,0,0,0,0.000945146,0.008070415,0.009509628,0.004586961,0.000155746,0,0,0.003631622,0.002400282,0.000919779,0,0,0,0.017413512,0.068106952,0.075060024,0.048705819,0.028105674,0.010116457,0.001836032,0,0,0,0.015088985,0.035182078,0.04842302,0.021068473,0.00744583,0.000485552,0,0,0,0.00102259,0.014909748,0.036794597,0.052981718,0.024735572,0.017221537,0.005679664,0.000976483,0,0,0,0,0.010755538,0.053580977,0.10848945,0.119212514,0.062119362,0.011867794,0.002197238,0.000905058,0.00035322,0,45,48.6558936,42.4597942,46.7902228,46.5065643,46.1474393
RP-3-46,RP,0.001557794,0.006683676,0.015365507,0.016868667,0.011246501,0.007498792,0.003036686,0.001112599,2.77E-05,0,0.00026432,0.005398414,0.010253976,0.007223336,0.002969131,6.66E-05,0,6.15E-05,7.60E-05,0.001165497,7.23E-05,0,0.003855362,0.011111465,0.035246589,0.050395637,0.079100655,0.039215297,0.051636486,0.006667321,0.000695982,3.92E-05,0,0.003442072,0.009668054,0.026587296,0.025834437,0.023411949,0.003532308,0.000205022,0,0,0.006786103,0.017916098,0.055202696,0.075065001,0.048125137,0.08070233,0.019440889,0.001853099,0.000166246,0,0,0.002226504,0.007949409,0.020894358,0.050278238,0.062612842,0.052245025,0.030925799,0.005671415,0.000312117,3.25E-05,0,45,51.6160305,43.0493225,47.576472,49.6072113,44.796209
RP-3-47,RP,0.001152389,0.007366477,0.021361377,0.030199832,0.020355863,0.013495409,0.006426033,0.005874373,0.00134131,0.000138714,0.000986337,0.009263182,0.016158665,0.012621886,0.006172424,0.00131652,0.00014164,0.000354273,0.000723926,0.001099905,0.000677252,6.06E-05,0.004035539,0.014738064,0.051415633,0.055200584,0.089680267,0.05727838,0.041198985,0.014511834,0.006665494,0.002034219,0.000290172,0.007219135,0.029601707,0.062964658,0.041776268,0.02144302,0.006112609,0.003172644,0.000630449,0,0.005414909,0.00881839,0.034472875,0.055287951,0.044859986,0.037996946,0.016647265,0.009612645,0.003052083,0.000724955,9.82E-05,0.000902577,0.005502328,0.000453894,0.024043236,0.034344474,0.026249208,0.015432885,0.006470817,0.001734518,0.000471896,0.00014987,46,51.5819976,44.1468335,48.7138466,50.1552606,46.3714353
RP-3-48,RP,0.000413052,0.003143507,0.01469629,0.017002694,0.008872109,0.005593334,0.002860753,0.002001324,0.000608193,1.79E-05,0.001041801,0.005121901,0.006984787,0.003978394,0.002677168,0.000391694,0,0.000227673,0.000597392,0.000921376,0.000344636,1.28E-05,0.001795667,0.015417419,0.06673499,0.118463847,0.118053668,0.051131735,0.036854635,0.010874723,0.005099501,0.001474546,0.000307521,0.010720519,0.051166678,0.061273803,0.032859497,0.01970949,0.007902925,0.002069002,0.000442295,0,0.002762326,0.013118715,0.060735581,0.067800599,0.035097985,0.032898298,0.009051608,0.007518143,0.001622334,0.000737784,0.000268171,4.02E-05,0.001507288,0,0.024925014,0.023165628,0.014057708,0.007789534,0.004479961,0.001635691,0.000595947,0.000330173,42,50.6557673,44.7990542,49.2566454,48.7213257,48.5661487
RP-3-49,RP,0.000949489,0.004212418,0.023257321,0.031891525,0.018070104,0.015010694,0.007712282,0,0,0,0.000631085,0.005173994,0.01991766,0.013042544,0.002578896,0,0,0.002906783,0.005553292,0.001488091,0,0,0.003357405,0.008343315,0.025010503,0.04789605,0.052923768,0.04263591,0.0278161,0.006537629,0,0,0,0.00878138,0.01895587,0.032138471,0.027691071,0.018157539,0.00119685,0,0,0,0.003651222,0.009885412,0.050402578,0.069213247,0.052425507,0.042708648,0.021468549,0.001521085,0,0,0,0.002395917,0.005860741,0.019484706,0.06564416,0.08279816,0.066374222,0.028645817,0.003146134,0.000375382,0.000160475,0,45,50.9508446,45.0959604,49.6041571,49.3488214,45.9825038
RP-3-50,RP,0.00072334,0.004916293,0.022838636,0.024031842,0.011612033,0.009067731,0.006739066,0.00414562,0.000782602,0,0.000729125,0.007845514,0.02320234,0.016584736,0.008688003,0,0,0,0.000707886,0.002515649,0,0,0.00354967,0.011915916,0.045408039,0.043888719,0.054749477,0.035030938,0.030781752,0.016075867,0.006218669,0.003020669,0,0.005770558,0.018690576,0.034332832,0.024399738,0.019121624,0.006103794,0.000383763,0,0,0.004285276,0.016539006,0.068365563,0.047255262,0.043228,0.039199147,0.039667447,0.02054308,0.015343498,0.007468262,0.001467185,0.00231535,0.003889988,0.018459811,0.042598403,0.040343581,0.038135838,0.02884922,0.009773245,0.004333903,0.002388837,0.000977082,44,51.8657482,43.3184082,47.8461915,49.9125149,46.3139106
RP-3-51,RP,0.000903039,0.006589583,0.030938228,0.027173073,0.009749233,0.008339134,0.001894824,0.000380601,0,0,0.000749443,0.007270059,0.019090666,0.012570398,0.004989285,0,0,0,0,0,0,0,0.004707809,0.013573041,0.059641676,0.059791655,0.065619986,0.038357755,0.024687168,0.003170753,0,0,0,0.010103957,0.017387134,0.042495708,0.025574148,0.016953045,0.001323587,0,0,0,0.004420845,0.018421053,0.056515495,0.057971516,0.041873035,0.03453937,0.019056869,0.000388544,0,0,0,0.002581917,0.006335738,0.033519619,0.066928515,0.064958421,0.054502157,0.021805898,0.001235186,0.000358175,0.000562659,0,43,49.5496905,40.327564,44.7790478,47.5986286,42.9766919
RP-3-52,RP,0.000853777,0.006610063,0.021389816,0.030454467,0.012962913,0.007869322,0.002257722,0,0,0,0.000374806,0.007842878,0.020961599,0.014130964,0.002452314,0,0,0.002307853,0.004070309,0.001226488,0,0,0.004981327,0.01678377,0.039472012,0.039937577,0.073795464,0.043685579,0.020941041,0.00518302,0,0,0,0.005204336,0.018025194,0.04598763,0.027700501,0.015651519,0.00213642,0.000429616,0,0,0.005516585,0.012205886,0.038422219,0.064149281,0.043166271,0.034336234,0.016832757,0.002520325,0,0,0,0.002833685,0.008809308,0.021090418,0.061630292,0.093637408,0.069324028,0.024619546,0.004321737,0.000764384,0.000139339,0,42,50.529357,41.9059578,46.4296057,48.8284199,43.3739798
RP-3-53,RP,0.001372749,0.007093156,0.023826937,0.051533478,0.030195736,0.021155947,0.010928986,0.000629136,0,0,0.000506329,0.00711552,0.018630059,0.01374175,0.00401699,0,0,0,0.000578375,0,0,0,0.001209675,0.00400032,0.014798182,0.024726258,0.05281924,0.034965054,0.036254595,0.011219202,0.000481729,0,0,0.00162669,0.005948645,0.021741268,0.012270795,0.014377427,0.002246955,0,0,0,0.004302062,0.011975526,0.037013234,0.082303974,0.072448109,0.068513207,0.028810885,0.006778047,0.000256979,0,0,0.001873603,0.006259596,0.013588995,0.047761796,0.076676523,0.060197307,0.040580562,0.010012096,0.000636315,0,0,50,54.2110356,48.4722767,52.9865596,51.5113686,48.2736976
RP-3-54,RP,0.00186976,0.012033238,0.041898775,0.07628486,0.032344488,0.01747071,0.002814325,0,0,0,0.00075254,0.005866831,0.018965442,0.008594365,0.001238604,0,0,0.001848314,0.00242232,0,0,0,0.004103334,0.008966814,0.019013039,0.045458443,0.058558292,0.035111414,0.013183954,0.000789333,0,0,0,0.004464939,0.01110994,0.020767937,0.008418891,0.004970733,0.000582755,0,0,5.18E-05,0.006581968,0.017537507,0.063978103,0.100352626,0.064123536,0.031728976,0.007322071,0.000807033,0,0,0,0.004197214,0.009010186,0.020676243,0.075165935,0.082549202,0.043635127,0.009400728,0.000992141,0.001985168,0,0,45,49.3650844,40.7561839,45.1934787,47.6690713,39.7353101
RP-3-55,RP,0.001939991,0.010119912,0.032993824,0.036291642,0.018876981,0.010991186,0.004814608,0,0,0,0.001184151,0.005013906,0.014856321,0.013667509,0.00259842,0,0,0.003332765,0.007031375,0.002534135,0,0,0.004543283,0.012129953,0.034272993,0.050118466,0.058276669,0.042252675,0.02466601,0.006857317,0,0,0,0.0077907,0.016168712,0.031460103,0.022595531,0.016158523,0.0019521,0,0,2.20E-05,0.004876778,0.013775336,0.045447845,0.073914911,0.048227998,0.034401157,0.019453808,0.002842644,0,0,0,0.003351505,0.007884389,0.025107608,0.06113074,0.078464949,0.057628643,0.023144676,0.004269155,0.000566053,0,0,44,50.4638565,41.5280815,46.0240774,48.421818,41.9027389
RP-3-56,RP,0,0.005272674,0.044491972,0.036311008,0.014593938,0.005288982,0,0,0,0,0.000643063,0.00607638,0.008967219,0.003813718,0.000116476,0,0,0.002300029,0.001752605,0,0,0,0,0.004189284,0.052438527,0.088136156,0.077158338,0.032672511,0.009038046,0.000643353,0,0,0,0.008996912,0.026475071,0.037531663,0.01449633,0.005477833,0.000180558,0,0,0,0.000391353,0.013045042,0.073606205,0.098745888,0.042144764,0.018734524,0.00511908,0.000226043,0,0,0,0,0.001190533,0.036668634,0.092878793,0.086301469,0.03740685,0.006065339,0.000412838,0,0,0,48,49.1167551,44.7219019,49.0178579,47.3388433,49.6168533
RP-3-57,RP,0.002239244,0.008654417,0.028887907,0.040921172,0.023576879,0.018171234,0.00816218,0.00149482,0,0,0.000861983,0.005675996,0.017880481,0.015841293,0.008503438,0.000538456,0,0.002551699,0.006917678,0.005242221,0,0,0.004707096,0.012228521,0.026494706,0.039482389,0.062183417,0.043114344,0.040555094,0.015844943,0.002074774,0.000207154,0,0.006141238,0.014428121,0.027609897,0.023535215,0.02290303,0.004605771,0.000293303,0,1.52E-05,0.005656199,0.012250537,0.037979201,0.061421642,0.045040932,0.039501945,0.030889054,0.009436048,0.001507733,0.000776139,0,0.003607634,0.008059665,0.017573381,0.044166002,0.054789965,0.042956746,0.028960752,0.009991787,0.002094965,0.000540197,0.000254159,45,51.7275729,42.5600935,47.1274864,50.1378241,41.6698028
RP-3-58,RP,0.000790742,0.015988842,0.035556762,0.046470082,0.025391618,0.015565181,0.005589045,0,0,0,0.001015039,0.007578418,0.015635701,0.007916782,0.002167778,0,0,0.001259582,0.003849302,0.003203298,0,0,0.000694673,0.008670125,0.029838693,0.031100593,0.056555989,0.037166066,0.019952913,0.007836624,0,0,0,0.004464477,0.014681404,0.032507846,0.016641994,0.009084538,0.000997158,0,0,0,0.006748739,0.023850261,0.062689374,0.08836295,0.066572467,0.043919311,0.018256399,0.004674209,0.000515945,0,0,0.000170816,0.014102592,0.028889011,0.053366168,0.064111672,0.040895798,0.018351145,0.005543335,0.000675884,0.00013266,0,46,49.7810396,43.0113057,47.4004292,47.4460837,45.1191161
RP-3-59,RP,0.001031968,0.007210772,0.03883125,0.040703157,0.019818686,0.015655461,0.006936276,0,0,0,0.000605738,0.004850914,0.014613635,0.010801527,0.005784645,0,0,0.00209978,0.005695703,0.003510547,0,0,0.002166882,0.007018015,0.032154931,0.031477038,0.051587401,0.036475874,0.028721577,0.010971102,0.00036921,0,0,0.007698778,0.015882757,0.026271056,0.022520166,0.013622334,0.00229028,0,0,0,0.003852895,0.014358133,0.06971448,0.061065189,0.046058205,0.038693178,0.028146865,0.005405941,0,0,0,0.001317163,0.005838775,0.033608199,0.062588444,0.064424681,0.054919793,0.033407571,0.008348601,0.000874423,0,0,47,50.618362,43.9042205,48.34174,48.6551631,46.3826045
RP-3-60,RP,0.001619546,0.008861976,0.035626266,0.03636355,0.018791065,0.014408313,0.0093948,0.004001726,0,0,0.000576045,0.005619368,0.016414324,0.01486553,0.005512811,0,0,0.000387365,0.000890153,0.001389497,0,0,0.003160576,0.009295318,0.030949814,0.032670002,0.050920388,0.035880691,0.034419008,0.018944375,0.007290832,0.00310724,0,0.004523782,0.013117936,0.022625054,0.015475228,0.015915302,0.005558742,0.000212059,0,1.78E-05,0.006406463,0.016916289,0.070021657,0.065690794,0.051348789,0.04412888,0.031163404,0.012557868,0.004757339,0.000876474,0,0.002807813,0.007982931,0.027511785,0.05242356,0.046340818,0.039804985,0.026627789,0.01028994,0.002238908,0.001026341,0.000270649,45,50.6010517,42.1252267,46.6109056,48.6859294,44.1211037
RP-3-61,RP,0.001541457,0.009497573,0.023912257,0.028620789,0.014955938,0.010716341,0.007410798,0.003259796,0,0,0.000578881,0.005421891,0.01364786,0.013357503,0.007459855,0.000405535,0,0.002825346,0.005725873,0.006446882,0.001380576,0,0.003963056,0.01353858,0.03090879,0.038563982,0.065630395,0.04167244,0.036305054,0.021355354,0.005227136,0.000700063,0,0.005336027,0.015602565,0.03205932,0.022444215,0.019142092,0.008318832,0.000916638,0,0,0.007254285,0.016043299,0.050354893,0.060435347,0.044088389,0.038652002,0.035066096,0.015378965,0.002165255,0.000131989,0,0.001612884,0.008492171,0.0190636,0.046769043,0.048609343,0.038070569,0.027772276,0.016377627,0.004115162,0.000551776,0.00014534,45,51.744088,42.8542766,47.3923388,49.8162031,45.0030505
RP-3-62,RP,0.00073475,0.006966662,0.02765935,0.033946466,0.015989974,0.011303839,0.004920239,0.000191073,0,0,0.000681742,0.008540148,0.024648702,0.015557699,0.006225426,0,0,0.003338433,0.005219405,0.002619747,0,0,0.002025805,0.010257172,0.03775872,0.056829809,0.068297611,0.051961782,0.030506278,0.011595638,0.000517449,0,0,0.009912778,0.025357973,0.045835368,0.035839204,0.028426344,0.003334308,0.000252181,0,0,0.002921215,0.009633061,0.045792982,0.04544095,0.037584604,0.033337993,0.023134281,0.005039122,0,0,0,0.000937572,0.004537825,0.018206544,0.042865352,0.059683742,0.047501634,0.027499735,0.006741155,0.00130255,0.000587607,0,47,51.800024,45.8192737,50.306623,49.7455828,48.5153844
RP-3-63,RP,0.001668837,0.011005347,0.032641123,0.034740489,0.018501211,0.014898097,0.007767583,0.003806065,0.001277349,0,0.00065492,0.004659921,0.01133851,0.009279857,0.002249481,0,0,0.000905581,0.00275079,0.001494126,0,0,0.004639701,0.012488775,0.032543656,0.03490984,0.055743045,0.04034373,0.033737984,0.016573859,0.010031273,0.003227602,0,0.004816034,0.016396251,0.029939737,0.017852846,0.015081037,0.006972461,0.002087227,0,3.78E-05,0.00701597,0.021939406,0.067782614,0.068181691,0.053001657,0.042373789,0.023415848,0.0103036,0.005888391,0.002868584,0.000317374,0.003415383,0.009549249,0.027649788,0.045009418,0.051180514,0.035581209,0.018416338,0.005960459,0.001759927,0.001102434,0.000224238,42,50.2241286,40.3007629,44.7905021,47.8200849,41.2692235
RP-3-64,RP,0.00123989,0.006739394,0.032629043,0.037687622,0.017132359,0.014456017,0.008100611,0.002410517,0,0,0.000743781,0.007464831,0.02275925,0.018274565,0.010420368,0,0,0.000898795,0.001572839,0.002662493,0,0,0.002259696,0.008059641,0.024832479,0.051736286,0.056364702,0.040766803,0.034537762,0.01915543,0.003124077,0.001157199,0,0.006674474,0.016345027,0.026911571,0.022112758,0.02655043,0.007984457,0.000386249,0,0,0.00356256,0.008967007,0.056165317,0.058528632,0.038755197,0.036674531,0.033724573,0.013961361,0.00129837,0,0,0.001132098,0.004780792,0.015417698,0.050511533,0.053393108,0.041265438,0.029540015,0.015529569,0.002310448,0.000330338,0,50,52.1939388,46.1565219,50.6604962,50.2476948,48.2064257
RP-3-65,RP,0.001246288,0.009080751,0.025671393,0.030558731,0.018043572,0.013743694,0.007968225,0.003833803,0.000804225,0,0.000761961,0.005890239,0.011749556,0.008614632,0.005572407,0.000529836,0,0.000960878,0.002513665,0.001936572,0.000395595,0,0.002878721,0.009599121,0.028097343,0.03852113,0.068807471,0.04661025,0.036841121,0.018542051,0.006877831,0.001442704,0,0.00482558,0.014758453,0.028378308,0.020511591,0.017246642,0.007167174,0.001440312,3.24E-05,0,0.005196939,0.015962969,0.054450508,0.06926191,0.062672541,0.051467859,0.03408204,0.01712862,0.005130234,0.00074369,3.30E-05,0.001794173,0.006642307,0.01817126,0.036691601,0.044845389,0.035132256,0.022504917,0.011463528,0.00343884,0.00059076,0.000140405,46,51.7036803,44.5408284,49.0668859,50.2594419,46.5944975
RP-3-66,RP,0.000866955,0.007053744,0.024823384,0.028182583,0.015903539,0.011440031,0.006969992,0.002639004,4.90E-05,0,0.000562692,0.004757593,0.011937905,0.011139621,0.00611437,8.47E-05,0,0.002096924,0.005114236,0.002016581,4.94E-05,0,0.002370826,0.011063152,0.037217123,0.045843918,0.075820998,0.054176972,0.039576326,0.014695481,0.00176129,0.000112591,0,0.008420004,0.025532598,0.052587409,0.037020083,0.028738247,0.006646878,0.000679241,0,4.15E-06,0.003534003,0.015155779,0.054565989,0.05867579,0.044643528,0.038898232,0.0266295,0.005376676,0.000359919,0,0,0.001144934,0.004433945,0.019605737,0.036746672,0.042201008,0.036832727,0.021375822,0.005316181,0.000404937,2.91E-05,0,48,51.7676697,44.9990386,49.4932371,49.9750168,47.8595562
RP-3-67,RP,0.000395955,0.005839431,0.014550724,0.017497872,0.013576778,0.014205948,0.012192334,0.010175013,0.003896158,0,0.000335631,0.003649084,0.012825275,0.013639163,0.010568009,0.00407996,0,3.07E-05,0.000150019,0.001048133,0.000465424,0,0.001687516,0.009414155,0.034895307,0.029513475,0.04633149,0.053111309,0.056841656,0.044626884,0.019966724,0.006570527,0.000387559,0.00394483,0.010506081,0.029554597,0.031499091,0.036692562,0.020375354,0.005814894,0.000187471,0,0.002901891,0.019212517,0.042279764,0.047363504,0.057669445,0.064842806,0.071072457,0.036951631,0.013297062,0.001745744,5.53E-05,0.000688486,0.002417903,0.011837008,0.015397162,0.006141068,0.008814222,0.006756613,0.006915855,0.002195221,0.000353888,4.73E-05,52,52.3306914,49.0937426,53.7148483,51.1917898,50.7829865
RP-3-68,RP,0.000824123,0.003657031,0.010792706,0.017616824,0.018751316,0.016186368,0.011706154,0.004470341,0.00040478,0,0.00103692,0.011696171,0.018043897,0.012503825,0.004472694,0.000310325,0,0.00011548,0.000308186,0.000564275,3.24E-05,0,0.003488996,0.011221483,0.028079691,0.045738166,0.096957375,0.073975013,0.048588787,0.020908766,0.004617799,0.000388111,0,0.00475089,0.025421922,0.058468593,0.043380712,0.027197121,0.008957226,0.000985923,0,0,0.003606797,0.010107308,0.023541507,0.073629194,0.072318312,0.059724635,0.038346667,0.013352117,0.0023144,0.000267978,0,0.001200011,0.001135624,0.00334232,0.007474905,0.016503759,0.014576269,0.012449006,0.00793611,0.001249805,0.00023735,6.55E-05,48,58.3162214,48.9626309,53.6083358,54.6566745,49.411655
RP-3-69,RP,0.00144232,0.009512568,0.032081553,0.03401684,0.017696558,0.013276425,0.010010887,0.00570767,0.001579994,0,0.000633119,0.004420992,0.011142868,0.011079794,0.007945004,0.000995469,0,0.001380573,0.004802852,0.004345651,0.001008707,0,0.003249382,0.010019816,0.034009584,0.039361024,0.051004343,0.044418204,0.037166471,0.021503182,0.009453288,0.002740106,0,0.005902804,0.011508618,0.024822278,0.019409504,0.021430432,0.007516614,0.003517709,0.000195644,3.75E-05,0.005713356,0.017665208,0.061629894,0.063905771,0.049494231,0.041126072,0.031895962,0.015524338,0.00523541,0.001118899,0,0.003021135,0.00714221,0.019826876,0.03875872,0.039947116,0.034224987,0.025340946,0.013467774,0.003522743,0.000868229,0.000223774,46,51.7554867,42.6549891,47.1743838,49.7795811,45.0642885
RP-3-70,RP,0.001473545,0.009067665,0.03984213,0.032192096,0.015021179,0.012288041,0.00929647,0.004433565,0.000118923,0,0.000583092,0.003936629,0.012554832,0.012849086,0.011157329,0.000794928,0,0.002100325,0.006903259,0.007555271,0.000661931,0,0.003073774,0.009746923,0.038699796,0.040635246,0.052103004,0.039079559,0.034889781,0.022425189,0.002192684,0.000222058,0,0.009871014,0.01258228,0.021126707,0.019347776,0.021592158,0.008515857,0.000727471,0,0,0.004380671,0.014737977,0.06596918,0.057359032,0.035823409,0.032122853,0.035444175,0.014266099,0.000323913,0,0,0.001198042,0.006319092,0.030866461,0.046179618,0.045411483,0.037207284,0.031146327,0.020181284,0.001381165,2.04E-05,0,47,50.8846073,42.8746962,47.3524647,48.7173728,45.9607092
RP-3-71,RP,0.001359718,0.008572367,0.035583515,0.046147789,0.021617109,0.014159831,0.004216508,0.000260529,0,0,0.001048676,0.006168065,0.016952416,0.01078414,0.004112875,0,0,0.001760793,0.003007646,0.00070821,0,0,0.003083922,0.008592464,0.028075651,0.044308666,0.065438975,0.041171754,0.02521422,0.005532371,5.83E-05,0,0,0.007237028,0.015402291,0.034295108,0.028691295,0.018783413,0.002176031,7.48E-05,0,4.26E-06,0.005890645,0.014604794,0.054370583,0.079556394,0.054829968,0.032992551,0.011351686,0.001509609,0,0,0,0.001971971,0.00855376,0.024471893,0.063898964,0.070828031,0.05024848,0.017633957,0.0024229,0.000236419,2.67E-05,0,47,50.49938,42.8944843,47.3485073,48.575747,44.5745621
RP-3-72,RP,0.001402278,0.007554945,0.029822691,0.03169564,0.016561897,0.011821863,0.007295665,0.005356888,0.001541586,0,0.000505133,0.003641022,0.008631694,0.007942002,0.005384815,0.000445203,0,0.001268137,0.003741773,0.003185469,0.000590558,0,0.003730257,0.012686889,0.033781158,0.038785524,0.062234196,0.04949092,0.036197825,0.018937002,0.007132162,0.003716747,0.00086534,0.005740211,0.017096861,0.036414632,0.03087807,0.024094892,0.010007819,0.005332279,0.000790959,8.47E-06,0.004853496,0.014878931,0.060693676,0.059806525,0.047888056,0.037105256,0.023553417,0.010568398,0.003767165,0.001557398,0.000504833,0.002310599,0.005865556,0.016803711,0.047896219,0.04365092,0.034748645,0.022674597,0.010138246,0.002940663,0.001101442,0.000380784,44,51.7830834,43.0264878,47.5482999,49.813735,45.4351624
RP-3-73,RP,0.000747834,0.002681519,0.011689294,0.018954065,0.015095017,0.013637682,0.003907524,0.000408086,0,0,0.001383379,0.010360111,0.017017107,0.006809857,0.001798392,0,0,7.10E-05,0.000161307,0,0,0,0.004349792,0.014649752,0.028977839,0.088529969,0.135032855,0.079258338,0.034728109,0.00371376,0,0,0,0.00826648,0.051653781,0.098356433,0.072573506,0.023203347,0.001517778,0,0,0,0.004011523,0.008503651,0.036741941,0.059869134,0.050376449,0.039370641,0.008106709,0.00024167,0,0,0,0.000721442,0.001208814,0.002798447,0.010185895,0.011759013,0.011637312,0.004692408,0.000223113,1.79E-05,0,0,46,55.3198076,46.3042011,50.8670648,52.2853593,47.6078577
RP-3-74,RP,0.00116567,0.006968632,0.018856116,0.03702031,0.026096226,0.019183878,0.010403026,0.004473559,8.27E-05,0,0.000334961,0.004413156,0.0136843,0.013787354,0.009661231,0,0,0.001944373,0.005783723,0.004350731,0.000348797,0,0.002776574,0.00732996,0.01798862,0.021743582,0.058514498,0.052300715,0.038882362,0.019320948,0.002354044,0,0,0.003146011,0.006699047,0.024098075,0.020533066,0.02023255,0.005200482,0.000570907,0,0,0.004873505,0.011199213,0.027207745,0.067787855,0.064626105,0.055177678,0.038480428,0.011030614,0.001004702,0,0,0.002516361,0.006625655,0.013651764,0.033710179,0.06840313,0.057335505,0.038846526,0.015519207,0.001528812,0.000164864,6.00E-05,53,54.6658034,47.5038058,52.1094512,51.9515527,47.6014553
RP-3-75,RP,0.000336064,0.007640443,0.026101309,0.043952532,0.035741641,0.007781765,0.000202515,0,0,0,0.006842174,0.054437909,0.034412553,0.002344307,0.000726421,0,0,0.001292944,0.000337552,0,0,0,3.21E-05,0.011150963,0.042022448,0.074517385,0.103092421,0.036494887,0.003404464,1.22E-05,0,0,0,0.007899889,0.033770844,0.048286852,0.016565344,0.000644322,9.41E-05,0,0,0,0.003226191,0.0185341,0.05907469,0.132442508,0.130553607,0.020245348,0.000724153,0,0,0,0,1.25E-05,0.001840608,0.00549269,0.016300566,0,0.01101456,0.000385617,1.44E-05,0,0,0,47,49.4568794,46.2227915,50.6037628,47.9128095,48.2453836
RP-3-76,RP,0.000461056,0.003352405,0.008481699,0.013154962,0.009552953,0.008084151,0.00881693,0.005978427,0.000956672,0,0.000248627,0.003413925,0.009223978,0.008991985,0.005112498,0.001158018,0,5.87E-05,8.98E-05,0.000618955,0.000280568,0,0.001285356,0.022438831,0.045815658,0.051040493,0.065396205,0.048588763,0.037985415,0.015227721,0.004266771,0.001487954,6.16E-05,0.014046806,0.06252361,0.068283392,0.044262201,0.031937962,0.013419912,0.003438483,8.58E-05,0,0.003218129,0.013762077,0.036234148,0.043731131,0.039619088,0.03386291,0.025480774,0.011593613,0.002320136,0.000646362,8.83E-05,0.000690017,0.007067186,0.015317378,0.029666466,0.040895752,0.034106907,0.023511304,0.013418572,0.003913832,0.000901495,0.000325138,47,51.5449395,45.2711415,49.7873097,49.9649936,48.2394625
RP-3-77,RP,6.67E-05,0.001587251,0.003873096,0.005819301,0.004113042,0.005175438,0.010642436,0.006879517,0.000426193,0,0.000177614,0.001934699,0.004649359,0.004616528,0.00237246,0.000378813,0,1.91E-05,4.84E-05,0.000336182,9.12E-05,0,8.37E-05,0.032242051,0.055602768,0.064823313,0.075919486,0.045544606,0.035386059,0.012472835,0.002354534,0.000657951,0,0.022567249,0.122895461,0.116297533,0.062593804,0.056941639,0.018144319,0.00404464,2.23E-05,0,0.001687996,0.008311469,0.017038764,0.02131171,0.018507969,0.017662725,0.014548174,0.004455841,0.001003399,0.00022828,0,1.92E-05,0.006635271,0.010719921,0.020965382,0.025807825,0.021618493,0.016202506,0.009342649,0.001632596,0.000356722,0.000141612,47,51.4822271,45.6056329,50.1047438,49.6117847,48.4883123
RP-3-78,RP,3.91E-05,0.002367744,0.006173709,0.011912172,0.009890271,0.006341787,0.00295815,0.001420462,4.03E-05,0,0.000103963,0.001459041,0.004427255,0.004189875,0.002033633,6.95E-05,0,0.000422189,0.001222069,0.000815941,0,0,0,0,0.005745476,0.008770143,0.016059171,0.01257414,0.011095431,0.004948095,0.001102861,0.002258333,0.000742448,0.000930999,0.001993043,0.006552888,0.006434246,0.006003705,0.001496174,0.000793967,0.000249723,0,0.002529874,0.024272575,0.059313183,0.072800896,0.067538135,0.061259627,0.03935576,0.067068577,0.105862956,0.141308372,0.036580837,2.74E-05,0.005061856,0.025482343,0.025906293,0.032318444,0.025140686,0.016129973,0.008447401,0.011562817,0.022325314,0.006068618,51,58.4390925,53.8480404,58.410619,55.1898005,53.7709406
RP-3-79,RP,0.000395348,0.007298274,0.024091332,0.0398909,0.032069982,0.006953789,0.00023251,0,0,0,0.006294441,0.049020342,0.030817671,0.002378209,0.000422284,0,0,0.001168016,0.00030382,0,0,0,0.000426656,0.009930901,0.03796861,0.069891858,0.088750596,0.029171994,0.003397857,0.000205723,4.60E-05,0.000329249,0,0.007298796,0.030214654,0.043437185,0.015144555,0.000714442,8.66E-05,0,0,0,0.003725481,0.020561937,0.064268035,0.131554791,0.099122479,0.024035248,0.004677372,0.008374802,0.014287678,0.018631588,0.003408344,1.25E-05,0.00222384,0.007973991,0.016915368,0.024510377,0.009608671,0.000778201,0.000658478,0.001708271,0.003696441,0.00091347,48,49.4829375,46.0746999,50.468157,48.0329948,47.9023185
RP-3-80,RP,0.00038829,0.006410558,0.019909799,0.035264305,0.0261269,0.010251189,0.002759724,0.00120871,0,0,0.00364766,0.029230271,0.022425698,0.005811815,0.002005298,3.07E-05,0,0.001087244,0.001348561,0.000777439,0,0,0.000211943,0.005134387,0.025809153,0.035821117,0.069331824,0.027559137,0.013748759,0.0039168,0.000568126,0.000700701,0,0.004914666,0.022825686,0.031926651,0.012093814,0.00532075,0.001241312,0.000257834,1.95E-05,0,0.00377469,0.021259242,0.061855837,0.106562289,0.090021771,0.041711387,0.016790203,0.020475773,0.033327209,0.037864676,0.007839017,2.67E-05,0.004449623,0.013893566,0.023547932,0.036552186,0.02633307,0.013184517,0.004625678,0.001507489,0.002726654,0.001584168,49,51.6126141,48.1145587,52.549102,49.4824183,49.022713
RP-3-81,RP,8.87E-05,0.00605435,0.016410094,0.015162301,0.006642034,0.004286145,0.002160943,0.002049216,0.000921344,0.00021993,0.000224449,0.002362163,0.007204301,0.005094869,0.003364213,0.00091287,0,0.003735169,0.005115423,0.002714936,0.001182269,0,0.003541674,0.018520491,0.064957828,0.065092077,0.048451418,0.029270979,0.018320647,0.006582074,0.002358969,0.001414631,0.000486457,0.013979974,0.030111027,0.044415196,0.022724423,0.018321138,0.005091307,0.001567065,0.000620181,0,0.003702101,0.015316106,0.039790031,0.034569676,0.024064166,0.024143487,0.00598612,0.00580268,0.001381742,0.000792687,0.000450903,0.001853985,0.021576382,0.050817633,0.064614579,0.097144526,0.067990752,0.033538617,0.014098001,0.006318509,0.002852374,0.001461653,42,49.3423525,39.5679245,43.99682,46.3661999,42.9138252
RP-3-82,RP,9.68E-05,0.006251018,0.016589616,0.015267205,0.007483603,0.004318449,0.001880795,0.002294498,0.000843647,0.000209967,0.000218978,0.002367034,0.005857589,0.005020012,0.003142801,0.000760505,0,0.003737685,0.005074325,0.002523955,0.001037953,0,0.003719072,0.01972454,0.065432778,0.054197596,0.048294258,0.051611874,0.01778892,0.006421644,0.002319837,0.001449423,0.000432382,0.014360928,0.027248873,0.045225526,0.021389783,0.014680051,0.00424152,0.002197331,0.00053935,0,0.00368232,0.013934228,0.039568549,0.034489565,0.025178473,0.0175316,0.012526867,0.005617863,0.001273372,0.000734177,0.000408586,0.002318208,0.023397582,0.051192685,0.079529336,0.097031921,0.047085285,0.033509336,0.014197385,0.006218879,0.002884624,0.001437036,42,48.9586377,38.9954494,43.4213967,46.0781044,42.4813475
RP-3-83,RP,6.43E-05,0.006228477,0.016591716,0.015269315,0.007711058,0.004409253,0.002139166,0.001865075,0.000813071,0.000183773,0.000226104,0.002366545,0.006167788,0.004360102,0.00333179,0.000715034,0,0.003757764,0.00508572,0.0025091,0.001030288,0,0.00335903,0.019298954,0.065726515,0.071543211,0.048484054,0.029359205,0.017977508,0.006386846,0.002327157,0.001437255,0.000422578,0.014080803,0.025872041,0.04382236,0.022350628,0.017131871,0.004241133,0.002186285,0.000534391,0,0.003466347,0.013777577,0.039088389,0.034779644,0.025110124,0.017484502,0.012481876,0.005654057,0.001283555,0.000728325,0.000411926,0.002148546,0.022498171,0.051144181,0.064890652,0.09676933,0.068087091,0.033880099,0.014258645,0.00630429,0.002926556,0.001458876,42,49.2681151,39.4301798,43.856767,46.3177126,42.8135374
RP-3-84,RP,7.67E-05,0.003948731,0.025855986,0.022155657,0.008245004,0.002577341,0.000428697,0,0,0,0.000363065,0.003229254,0.006466403,0.002066306,0.000519564,0,0,0.004420158,0.002132382,0.000335755,0,0,0.001094535,0.009742348,0.037187248,0.06271078,0.081859829,0.016619975,0.00521348,0.000598445,4.49E-05,0,0,0.038251627,0.052364944,0.046390129,0.013450383,0.006498379,0.000535457,2.86E-05,0,0,0.001392077,0.010385767,0.060591783,0.056593099,0.025291639,0.01055898,0.001013092,0.000338433,2.77E-05,0,0,0.00038163,0.007928886,0.053813702,0.137295433,0.117970801,0.051094821,0.008523305,0.001072865,0.000189853,0.000105596,1.86E-05,48,48.5815719,43.117029,47.4322916,46.2495451,45.7642663
RP-3-85,RP,2.28E-05,0.002045149,0.008447314,0.008319189,0.005453262,0.003549221,0.0005939,0,0,0,0.000359662,0.002403372,0.00416361,0.001080558,0.000119646,0,0,3.85E-05,0,0,0,0,2.61E-05,0.011723412,0.093496816,0.090779379,0.111000526,0.048748868,0.012754025,0.000875864,0,0,0,0.014031711,0.052117509,0.056937887,0.026022336,0.005370778,0.000476551,0,0,0,0.001471554,0.023305571,0.104316583,0.093402723,0.092355413,0.044930774,0.005198585,0.00026701,0,0,0,1.15E-05,0.001665013,0.01372882,0.018881166,0.020386515,0.015097509,0.003025956,0.000156755,2.43E-05,0.000816326,0,45,49.2163896,43.3533302,47.7125682,47.4676385,48.2953026
RP-3-86,RP,0.000362476,0.004743815,0.012588889,0.025174859,0.015638391,0.012240862,0.005490087,0.002517374,0.000386453,0,0.000274817,0.00308307,0.012884828,0.008095561,0.004596365,0.000436727,0,0.000882419,0.002498823,0.001772669,0.000313246,0,2.84E-05,0.00116442,0.010844993,0.01700292,0.032619332,0.021670754,0.024043847,0.007196968,0.001318486,0.000249477,0.001149773,0.001792524,0.003822154,0.014675992,0.009695298,0.01188068,0.002974689,0.000684914,0.000134719,1.74E-05,0.0034956,0.022943466,0.04962243,0.07359077,0.070066928,0.059580148,0.038840776,0.042982365,0.059476451,0.073565109,0.01815562,2.93E-05,0.006141658,0.021812195,0.031661746,0.049767057,0.041942075,0.026832475,0.009635366,0.00670198,0.014666735,0.001540302,51,55.2806326,51.7169936,56.2347507,52.8156477,51.0535196
RP-3-87,RP,0.000884493,0.009380288,0.028330916,0.031956476,0.016359082,0.011856448,0.007377362,0.003918337,0.001159087,0.00013896,0.000546019,0.004394361,0.012391545,0.009000548,0.005523715,0.001346659,4.12E-05,0.00112557,0.003017766,0.003075802,0.001419829,1.80E-05,0.000850933,0.005528917,0.03241771,0.04066296,0.054642224,0.041230779,0.034185012,0.016635172,0.005024043,0.002269873,0.000671569,0.005767666,0.016987646,0.031898689,0.019745115,0.019332833,0.007562424,0.001813031,0.000283578,0,0.003947855,0.018572483,0.067335216,0.070830071,0.052863165,0.042597714,0.031731072,0.011131944,0.004589001,0.001804681,0.00074527,2.13E-05,0.007639152,0.02298591,0.045692328,0.051485882,0.035931161,0.022504056,0.011663576,0.003877691,0.000941936,0.000335938,46,51.3801487,45.8343648,50.2734219,49.4252848,47.5864512
RP-3-88,RP,0.000942219,0.008881015,0.027118107,0.029861956,0.016080165,0.012000431,0.008040055,0.005054468,0.001475591,0.000361313,0.000506556,0.004293801,0.012417373,0.009383951,0.006290216,0.001541697,9.39E-05,0.001152694,0.003110027,0.003567467,0.001679619,7.58E-05,0.000825704,0.004839167,0.031057719,0.041267089,0.060949681,0.041479751,0.039441146,0.018203047,0.006936304,0.003061887,0.000662125,0.005932956,0.015396736,0.034346526,0.021240322,0.020297744,0.009410188,0.002460845,0.000436331,0,0.003585921,0.016315815,0.059300891,0.062852529,0.049269378,0.042064735,0.032919669,0.012958871,0.004937461,0.001672108,0.000583063,1.94E-05,0.006837984,0.022969516,0.044997042,0.045462144,0.036689819,0.023699484,0.013858471,0.005216099,0.001217836,0.000398087,45,51.9037868,46.7767119,51.2366313,50.1439478,48.6034271
RP-3-89,RP,0.000776453,0.00929143,0.029071269,0.031032982,0.016184648,0.012079945,0.008520569,0.005632602,0.001818547,0.000406768,0.000513736,0.0041787,0.011629997,0.01052557,0.006530983,0.001810651,0.000192952,0.000991036,0.003049438,0.003776494,0.00183539,6.17E-05,0.000106065,0.003314946,0.027591834,0.040333332,0.051651228,0.040230997,0.038961902,0.018256786,0.008112626,0.004242352,0.000786541,0.00583802,0.016388696,0.030992134,0.020402693,0.02004353,0.010040611,0.00303495,0.000403957,0,0.00343228,0.015442506,0.061726685,0.067946949,0.048616444,0.041041489,0.034118208,0.014031656,0.006192146,0.001745629,0.000538512,2.36E-05,0.006664801,0.024266492,0.041578728,0.04873285,0.035192385,0.023947623,0.015464214,0.006584808,0.00162422,0.000442692,44,51.8989889,47.590201,52.0337668,50.2045848,49.2185724
RP-3-90,RP,0.000445169,0.008984293,0.027689498,0.030762807,0.015170145,0.012207455,0.007871761,0.005483725,0.00139513,0.000132174,0.000531014,0.004353293,0.013583471,0.009383329,0.006107849,0.001368805,4.71E-05,0.00110418,0.003135971,0.003480853,0.001590496,0,0.000101667,0.002167969,0.027544434,0.040346549,0.063976444,0.040153748,0.040111184,0.017543319,0.007109726,0.00309915,0.000506629,0.005674327,0.017163174,0.031736727,0.023996886,0.020936802,0.009118373,0.002702782,0.000248244,0,0.002046087,0.015242203,0.059952818,0.065887833,0.050785526,0.042744573,0.033995618,0.012978203,0.005163986,0.001564925,0.000515799,3.04E-05,0.006401738,0.023084447,0.041906199,0.046423844,0.037051118,0.024131288,0.014036444,0.005358769,0.001220435,0.000411042,45,51.893135,48.4169501,52.8578521,50.3393858,49.7562023
RP-3-91,RP,0.000383778,0.008777674,0.027471042,0.031848113,0.016451784,0.012930025,0.009578942,0.006063908,0.00194386,0.000402638,0.000537882,0.004339579,0.012746393,0.010043194,0.006440834,0.00179991,0.000246151,0.000999193,0.003045074,0.003871604,0.001908003,8.20E-05,0.000186096,0.001394669,0.017978464,0.037209834,0.053950689,0.043363704,0.041720271,0.019501948,0.009264811,0.003899713,0.000803257,0.005067242,0.017061468,0.034713756,0.021432189,0.020122812,0.008353255,0.003668149,0.00050564,0,0.001594138,0.011216351,0.058416488,0.066169037,0.051236895,0.043403164,0.034015625,0.018497089,0.006506434,0.001850554,0.000490118,2.79E-05,0.006159681,0.021310046,0.042579528,0.048105225,0.036101674,0.025680743,0.016252462,0.006144105,0.00163181,0.00050139,42,53.0249612,49.8585609,54.3127118,50.7215909,51.1604566
RP-3-92,RP,0.001457304,0.015021175,0.036962391,0.042001327,0.026755172,0.011942389,0.002521628,0.000243968,0,0,0.000846024,0.004374295,0.011374507,0.005685926,0.00123637,0,0,0.002533179,0.003353581,0.000882966,0,0,0.010046498,0.026070697,0.062058206,0.09505225,0.070892047,0.051246673,0.013623148,0.003290889,5.02E-05,0,0,0.014142998,0.018084967,0.031479414,0.020754839,0.006616216,0.000650296,0,0,0,0.013348651,0.030649059,0.045557252,0.055530997,0.037104676,0.026389264,0.006631605,0.002083984,0.00013687,0,0,0.003038724,0.014098446,0.035558685,0.047148671,0.051016157,0.029932419,0.008548988,0.001652815,0.000252723,5.29E-05,1.56E-05,34,44.6143073,34.3263921,38.7484502,40.7781845,29.1824959
RP-3-93,RP,0.001378167,0.015030017,0.037305591,0.043140332,0.027080252,0.012290888,0.00256362,0.000186054,0,0,0.000859102,0.004445118,0.011787575,0.005815692,0.00122687,0,0,0.002608216,0.003454384,0.000869185,0,0,0.005311495,0.024049923,0.061149781,0.082387248,0.071168408,0.052892568,0.013980439,0.003299308,2.54E-05,0,0,0.013989804,0.018530556,0.032308972,0.021480191,0.006798693,0.000440985,0,0,0,0.008234827,0.02928703,0.059139652,0.0564899,0.039318416,0.02609219,0.006764227,0.00208259,0.000104378,0,0,0.002289208,0.013448576,0.035623038,0.047999439,0.053371923,0.03109062,0.00881431,0.001685729,0.000261251,4.78E-05,0,34,45.2991359,36.8133673,41.2056179,42.318402,38.5787996
BF-01,BF,4.80E-05,0.000189713,0.00112404,0.001968883,0.000945956,0.0009976,0.001678225,0.006230664,0.003726509,0.002797743,6.32E-05,0.00024391,0.001214111,0.001374535,0.001877146,0.001189043,0.001004815,0,6.62E-05,0,8.87E-05,0,0.004702232,0.016854562,0.052457296,0.071116118,0.070320477,0.044529355,0.045521565,0.031027912,0.009971895,0.006946473,0.003529304,0.004284844,0.024926846,0.032258392,0.020962698,0.019855023,0.017466144,0.008834922,0.005367688,0,0.005528802,0.021416319,0.05765473,0.070237742,0.089367097,0.07750945,0.050826812,0.021011774,0.006053347,0.002267931,0.001261564,0.002845699,0.003516304,0.009374547,0.015796657,0.018141646,0.014186266,0.008230837,0.004735974,0.001507603,0.00050865,0.000257532,33,52.2386377,43.2274413,47.8361744,50.2124165,44.7274103
FT-SPK-01,FT-SPK,0,0,4.32E-06,3.68E-05,2.72E-05,0,0,0,0,0,0,0,0,0,0,0,0,0,0,0,0,0,6.56E-05,0.000299463,0.001106249,0.002034812,0.002422888,0.001831679,0.001127789,0.000909403,0.000177471,0,0,4.17E-06,0.0001086,0.000414553,0.000266171,0.000152771,3.69E-05,0,0,0,0.006726433,0.017784665,0.048158384,0.168248305,0.200140385,0.170975604,0.131669252,0.080881765,0.023405144,0.001436464,5.84E-05,0.00043252,0.001966602,0.004748341,0.014951977,0.034629284,0.029431284,0.023765011,0.019838317,0.008788469,0.000904198,3.23E-05,57,65.3263839,57.9754674,62.533871,63.5319986,54.5080371
FT-SPK-02,FT-SPK,5.50E-06,2.33E-05,8.42E-05,0.00020948,0.000238806,0.000159586,5.99E-05,0,0,0,0,2.01E-05,0.000103609,6.55E-05,0,0,0,0,0,0,0,0,0.000142527,0.000574286,0.001336207,0.002260488,0.003141539,0.003606485,0.00913617,0.000860126,8.20E-05,0,0,8.24E-06,0.000126714,0.000562828,0.000540145,0.000291849,0,0,0,0,0.009707921,0.016573693,0.040757195,0.115718862,0.199817712,0.193608982,0.117552859,0.018453397,0.001103222,0,0,0.00121222,0.003286246,0.010565428,0.040579414,0.068854252,0.074651938,0.051548519,0.01159072,0.000750769,2.72E-05,0,55,62.8577319,55.4137752,59.9897704,60.3382325,49.3808388
FT-SPK-03,FT-SPK,6.93E-06,0,4.83E-05,3.88E-05,0,0,0,0,0,0,0,0,0,0,0,0,0,0,0,0,0,0,5.85E-05,0.000380654,0.003350053,0.003700962,0.001912743,0.001794115,0.001288278,0.000790516,0.00014173,0,9.06E-06,6.77E-05,0.000138065,0.000283785,0.000163534,5.11E-05,0.000116285,0,0,0,0.00539283,0.037285919,0.216479662,0.172257187,0.12869075,0.105593896,0.082073528,0.05833606,0.029386406,0.0036536,0.000259641,0.000398307,0.001537965,0.02393954,0.036039959,0.024439872,0.020476307,0.016546539,0.01289188,0.007655697,0.002181696,0.00014159,50,52.0323526,46.4059575,50.7528701,48.1230923,48.4224505
Y-RP3-01,Y-RP3,0.000802079,0.005168514,0.013095696,0.025969276,0.016430042,0.011950922,0.005515008,0.002269539,6.23E-05,0,0.000252461,0.002917605,0.010459871,0.007822831,0.004330946,0.000254524,0,0.000852787,0.002428534,0.00156281,8.88E-05,0,0.001709011,0.00450176,0.011036312,0.015227615,0.03714069,0.026461356,0.0241496,0.007523416,0.001657712,0.000223351,0.000966609,0.002205969,0.004152646,0.011210516,0.010528008,0.010645023,0.002972588,0.000645512,4.59E-05,0,0.005205172,0.023854974,0.050566491,0.073324982,0.069711504,0.059271965,0.038175329,0.041960159,0.05612454,0.077906213,0.018388348,0.002157753,0.006535123,0.022097098,0.030297623,0.047442208,0.039714916,0.026154804,0.008915425,0.002843329,0.011811005,0.002302876,51,53.4835869,47.7945861,52.3777908,51.5992876,48.1300597
Y-RP3-02,Y-RP3,0.001481933,0.010271006,0.03107775,0.033585191,0.015771723,0.01173448,0.006788859,0.003475792,0.000794526,0,0.000551498,0.004258836,0.012885312,0.008889878,0.005076587,0.000966081,0,0.000806241,0.002386647,0.002748517,0.001137138,0,0.004222024,0.011396876,0.03536348,0.050647935,0.067647937,0.043860424,0.03319821,0.014425821,0.003694612,0.001360046,0,0.006020122,0.01687266,0.034037091,0.025614906,0.018384099,0.005915276,0.001305118,6.36E-05,0,0.006233087,0.019006405,0.052895251,0.075460851,0.051981121,0.041138241,0.025009216,0.010127405,0.002284389,0.00061746,0.000110986,0.002135405,0.00808536,0.023231088,0.0431773,0.042289878,0.033205094,0.021019305,0.00966237,0.00285738,0.000603949,0.000150237,46,50.573421,41.8527662,46.3526319,48.7821207,43.9130324
Y-RP3-03,Y-RP3,0.001461953,0.009098325,0.026897413,0.028094937,0.013254741,0.01075689,0.008081281,0.005209865,0.001529237,0.000281449,0.000461588,0.003309664,0.011284266,0.008683255,0.006369906,0.001964405,0.000154473,0.000836696,0.002854683,0.003973918,0.00179059,0,0.004893493,0.012757655,0.03400434,0.04961146,0.061782366,0.039631971,0.037634256,0.018667142,0.007658127,0.003229407,0.000891189,0.006063627,0.019606976,0.035469947,0.027340531,0.022223583,0.009067054,0.002404271,0.000216531,0,0.005774877,0.018171766,0.056440266,0.05918725,0.047360369,0.044923143,0.027455938,0.018138509,0.004990525,0.001701583,0.000723211,0.002282365,0.006942952,0.019922523,0.034578929,0.03547146,0.029782523,0.023365369,0.015742999,0.005734926,0.001321157,0.000483898,45,51.7235477,42.0565135,46.6003678,49.7626552,44.4461055
Y-RP3-04,Y-RP3,0.001457225,0.009255264,0.027672627,0.030575728,0.014830249,0.011876878,0.007821781,0.00460324,0.001375191,4.12E-05,0.000507528,0.003900205,0.011323121,0.009595868,0.005911848,0.001432823,3.46E-05,0.000931067,0.002807993,0.003439972,0.001345864,0,0.004652982,0.011767684,0.034727383,0.047449815,0.065055317,0.043463329,0.035186002,0.017956639,0.007047954,0.002937387,0.000566314,0.005828024,0.015954199,0.029203232,0.022921769,0.01968519,0.008894085,0.002522828,0.000232248,0,0.00581093,0.018312194,0.058408814,0.06124339,0.050224275,0.040794748,0.029237285,0.015039825,0.004885622,0.00166688,0.000510611,0.002216099,0.00751162,0.022079891,0.04032107,0.040377725,0.032593616,0.022600214,0.013062558,0.004805093,0.001161154,0.000343792,45,51.5921963,41.9961555,46.5226294,49.5745219,44.4898778
Y-RP3-05,Y-RP3,0.001474153,0.009141794,0.026985649,0.028455209,0.013913208,0.010555155,0.008047214,0.005195009,0.001546147,0.00017069,0.000459494,0.003319248,0.010291962,0.008841086,0.006331058,0.001889241,0.000145644,0.000843334,0.002834096,0.003962935,0.001759297,0,0.005216918,0.012952696,0.033534026,0.054512049,0.062564234,0.040058012,0.038341338,0.019039812,0.007563593,0.003162324,0.000857508,0.005935166,0.018994666,0.036254469,0.026476014,0.023292321,0.008916466,0.002404638,0.000220266,0,0.005682221,0.017855108,0.052972721,0.056957727,0.046965814,0.039518826,0.035693598,0.014454359,0.005017564,0.001668444,0.000636113,0.002058198,0.006961267,0.01996516,0.035215466,0.035361211,0.029841099,0.023337585,0.015754878,0.005834722,0.001317731,0.000472049,45,51.7279601,42.0453182,46.5944424,49.7681083,44.4200031
Y-RP3-06,Y-RP3,0.000640592,0.004681815,0.012447169,0.025558305,0.015294724,0.011947697,0.005625536,0.002347571,6.83E-05,0,0.000205672,0.002846991,0.011957124,0.00766952,0.004631095,0.000120794,0,0.000843075,0.00247448,0.001646803,0.000132936,0,0.001669107,0.00378328,0.010851565,0.022394837,0.027975407,0.022883826,0.023145792,0.007849167,0.001693633,6.45E-05,0.001094466,0.001818061,0.004784455,0.014087761,0.013017302,0.012401287,0.002976003,0.000624838,5.48E-05,0,0.005196087,0.022917008,0.048818489,0.071568935,0.068672476,0.061069704,0.037373871,0.04222468,0.055498729,0.08031439,0.019674395,0.00225872,0.006300198,0.021609536,0.030822582,0.047138735,0.04102994,0.026152521,0.008955416,0.005583322,0.01113915,0.001370756,52,54.0222111,48.1757,52.7640974,52.0338274,48.3520739
